k_cohorts,random_effect,random_se,random_ci_low,random_ci_high,p_value,tau2,i2_percent,q_statistic,guild,n_taxa,effect_measure,q_value
11,-0.4655805620041519,0.1050345679086533,-0.6714483151051125,-0.2597128089031912,9.30856653680484e-06,0.076139945363394,67.56766404542357,30.833425054567897,butyrate_SCFA_associated_commensal_panel,26,Hedges_g_CRC_minus_control,2.792569961041452e-05
11,0.192935639027882,0.0816020021387809,0.0329957148358713,0.3528755632198928,0.0180617725971863,0.0317690374208832,47.22471840528609,18.948264600072967,Bacteroides_Enterobacteriaceae_context_panel,9,Hedges_g_CRC_minus_control,0.0180617725971863
11,0.2622756432181654,0.0805435625057753,0.1044102607068457,0.4201410257294852,0.0011286632188292,0.0300160142119296,45.68065121168687,18.409646328734173,oral_pathobiont_associated_panel,28,Hedges_g_CRC_minus_control,0.0016929948282438
